mergeKey,classification,severity,action,comment
5f99a6754a54f1a8d6cfd722569d995c,Intentional,Unspecified,Ignore,JS going away
698a883c29cadb873303e2574009674a,Intentional,Unspecified,Ignore,JS going away
afb69a66885101c5d38d1ff83b5bd93d,Intentional,Unspecified,Ignore,JS going away
07dd95dfb44604673756ceb050fafb85,Intentional,Unspecified,Ignore,JS going away
6beea232843b8f13295dc65ed467a7d6,Intentional,Unspecified,Ignore,JS going away
5e5a0e677e06dba2bc1a58ebe3534e2a,Intentional,Unspecified,Ignore,JS going away
35bf0af4c60a31da90281ed252f27b2c,Intentional,Unspecified,Ignore,JS going away
0860c830e7fc084e156790c59409b06f,Bug,Moderate,Undecided,
208b072664498bede5f2696321a4580e,Bug,Moderate,Undecided,
90722d79527c4630ff6e43d9cb7f80d8,Bug,Moderate,Undecided,
8f65a3f7820f5617357806f3abf20911,Bug,Unspecified,Undecided,
7c769ea50b83ed6bfdd2989525bec9fa,Bug,Unspecified,Undecided,
05346108848302fcde2784d89f1e0590,Intentional,Unspecified,Ignore,JS going away
cd41e97d297e2c344ee0fb01efea9d06,Intentional,Unspecified,Ignore,JS going away
d7de842f99fa6231053223fafe51efad,Bug,Unspecified,Undecided,
77d57f37e2ba8077e6758d74e5262d60,Bug,Unspecified,Undecided,
a769db4c6253c1e63a188cc5adf35539,Bug,Unspecified,Undecided,
edce4ffdd73579f42ac5be20586025b1,Bug,Unspecified,Undecided,
11c14c5ba22cbf168340ff73f785549e,Intentional,Unspecified,Ignore,JS going away
65f7ed487e95c4507a369b88fd38581d,Intentional,Unspecified,Ignore,JS going away
37e493caeaabbf3b196f845c264fadf8,Intentional,Unspecified,Ignore,JS going away
d7c5e27fb156842b242bf0339c8bf5a4,Intentional,Unspecified,Ignore,JS going away
9395dff8b380605c039865a329d981a5,Bug,Unspecified,Undecided,
c07464941018c2d497d1a4e62bbfecf6,Intentional,Unspecified,Ignore,JS going away
ab53326b844ba3366cad6048607e1fd8,Bug,Unspecified,Undecided,
73773b164a5586a5ce69174a5bb5f5d5,Intentional,Unspecified,Ignore,JS going away
f489c13ad5c240496ee4e3f18c8dd242,Intentional,Unspecified,Ignore,JS going away
e7433f616e7e95021bd5bf6c304b9a32,Intentional,Unspecified,Ignore,JS going away
6f1c0c3c819ae901d39dbeac03b2e42f,Intentional,Unspecified,Ignore,JS going away
db91b2640f427e9d725fb6b99d81accb,Intentional,Unspecified,Ignore,JS going away
6c69d4fe84001670e0cc7e236a6a4ba5,Bug,Unspecified,Undecided,
10419cf7f7b5b7a40301dc4d47861d06,Bug,Unspecified,Undecided,
503d9482aa2a827f06ec769b99746222,Bug,Moderate,Undecided,
a469ea09bd3fc3bb53f836d040a09a94,False Positive,Unspecified,Undecided,
aa2c333f0ea806d0097407f18c3b19f0,Bug,Major,Undecided,
0ef31c4dfe44fd6c816a65a147056a75,Pending,Unspecified,Undecided,looks like bug but who knows
a023f5e5aa4028a6b541b9c7d7ed6449,Intentional,Unspecified,Undecided,opslog translates $inc to $set?
9c7725283cf46d7c09289a6737801a79,Intentional,Unspecified,Undecided,
055a96e4eefcc4d3226cb202db1727bf,Intentional,Unspecified,Undecided,
ef94ad7e5b843592bef85d30207b293c,Intentional,Unspecified,Ignore,JS going away
689f9ae11f2b0814207e1caacd31b93d,Intentional,Unspecified,Ignore,JS going away
4332afb5dc33311088d320561609b2ae,Intentional,Unspecified,Ignore,JS going away
3706f781d35cb66fc43d5a8dfa01b4e2,False Positive,Unspecified,Undecided,
dbfb3066cad6504698dfa6882259c7b4,Intentional,Unspecified,Ignore,JS going away
d642eb5764d9c522a44adafe028af370,Intentional,Unspecified,Ignore,JS going away
6b19ce4b3460ad7fb99f577301330574,Bug,Moderate,Undecided,
59555551cc45947d58dc85eff0ebae1b,Bug,Moderate,Undecided,
ddf7967aaaf3f0abef1c6bced158689b,Bug,Unspecified,Undecided,
8de38d14e5359a9c92c9636b2fd185dd,Intentional,Unspecified,Undecided,
9ed5b3c7336e12b3aa17a2f08efad5fb,Intentional,Unspecified,Undecided,
315f8c86a707ab0b55d28e75d5081878,Intentional,Unspecified,Ignore,JS going away
ca8f3c687da25ab21c902609b7d922cf,Bug,Major,Undecided,
c88a58e4b4924f60ae1c8aa600f8f7e8,Intentional,Unspecified,Ignore,JS going away
aafaa305c00095a0efbeaa02bdfbfb04,Bug,Unspecified,Undecided,
9e9eddaef7f732c845a644ca78b2bba9,Intentional,Unspecified,Undecided,
4f9c18b34bb3217128dfb688ada62254,Intentional,Unspecified,Ignore,"3rd party, system headers"
7eba98f9fc0f1a553308f99aee8cd41a,Intentional,Minor,Ignore,3rd party PW
b099dbaabd0ba48278440e0e34d59d77,Intentional,Minor,Ignore,3rd party PW
672cb5ce4c366fbb97b224532a79e779,Intentional,Minor,Ignore,3rd party PW
6b650b09844dc1139bd5f6386173ecca,Intentional,Minor,Ignore,3rd party PW
82e102425bfb65318d5b417f91be799e,Intentional,Minor,Ignore,3rd party PW
be726b3ed4cb15b3c1046a86a721999f,Intentional,Minor,Ignore,3rd party PW
c914602fc46a9ec583634841bac9961a,Intentional,Minor,Ignore,3rd party PW
d2f370eb4b921fb6570227f4264c800f,Intentional,Minor,Ignore,3rd party PW
f4d018ca361d0cc20983af4309f2dc44,Intentional,Minor,Ignore,3rd party PW
ffa3ce712e4a694960e2f36d6bbc1f58,Intentional,Minor,Ignore,3rd party PW
0ffd9c6f84d04035938074ca81fc4d6e,Intentional,Minor,Ignore,3rd party PW
15bf1b43df64c22bc5a39c0650d352d8,Intentional,Minor,Ignore,3rd party PW
3a78f47eab981d231321e9cd34e91bd1,Intentional,Minor,Ignore,3rd party PW
9b9d0387fdb764a4bac5a350417e4a84,Intentional,Minor,Ignore,3rd party PW
9c855a5b49a51e646ec0b9da956587e5,Intentional,Minor,Ignore,3rd party PW
a437926e0efb52e85f8981c77582fbb7,Intentional,Minor,Ignore,3rd party PW
b49accd2c6edf818121ab2b0d318325e,Intentional,Minor,Ignore,3rd party PW
b6f8984200878e89b88edcf654b276a8,Intentional,Minor,Ignore,3rd party PW
46f15aa5384411ecdce1582b01c26a68,Intentional,Minor,Ignore,3rd party PW
6cb77171f625f69d812d8710fb0a05c2,Intentional,Minor,Ignore,3rd party PW
87d48d01725197fa09ba29ac4dded2f3,Intentional,Minor,Ignore,3rd party PW
a9924aa5779f703f97b9bc7f239b98a9,Intentional,Minor,Ignore,3rd party PW
b90b08bd442a0de8be01df99702721b7,Intentional,Minor,Ignore,3rd party PW
bea8d00124e4806a471b89c2874cab54,Intentional,Minor,Ignore,3rd party PW
c9f8e4ca2b5a381f231b0938e22751a4,Intentional,Minor,Ignore,3rd party PW
ff0fa4452283617642af5a066f525134,Intentional,Minor,Ignore,3rd party PW
3f4a4afc3d4488b535942bab999bed0e,Intentional,Minor,Ignore,3rd party PW
71779fb41d095e8c704f74f1b0176903,Intentional,Minor,Ignore,3rd party PW
adf81b263bdb9dc203ff01cfe50c3567,Intentional,Minor,Ignore,3rd party PW
b571944cde414d1be8f82b659bc52723,Intentional,Minor,Ignore,3rd party PW
3928929deceb3d00f4311149548162ec,Intentional,Minor,Ignore,3rd party PW
428ec1e2e5fb72d9bc020a2b795ffb55,Intentional,Minor,Ignore,3rd party PW
95364b92ebce5fa66abaeb5fbf9d17b6,Intentional,Minor,Ignore,3rd party PW
a0fb4276b8c7ae537b37013332be31e4,Intentional,Minor,Ignore,3rd party PW
adaab7a5b62a4640579a2cf9c3d7029a,Intentional,Minor,Ignore,3rd party PW
c11e700ceef6f1f916dd552fcd385724,Intentional,Minor,Ignore,3rd party PW
cf0488e2bfb8e56df39b6b6e2de8a8e2,Intentional,Minor,Ignore,3rd party PW
eb8434c1f9e5ea6442dee4006ce9f7e2,Intentional,Minor,Ignore,3rd party PW
34f23832c33b96702be7f5855f0339cf,Intentional,Minor,Ignore,3rd party PW
659b0315b905b5934e553cfe119672c4,Intentional,Minor,Ignore,3rd party PW
6b7ab775fc546fea071201083606ccec,Intentional,Minor,Ignore,3rd party PW
6bf9716bea94d5596bfbed76d18db6e9,Intentional,Minor,Ignore,3rd party PW
712f7aa6a6ca9622e4d2dc5bf501b7f4,Intentional,Minor,Ignore,3rd party PW
b6ddd51ed0d7c85c004a6c25ed6b694d,Intentional,Minor,Ignore,3rd party PW
b8d2e839cfaf359357b1e256c152624f,Intentional,Minor,Ignore,3rd party PW
caec2b1dd7b1e66afbe94f5ba9a6fe74,Intentional,Minor,Ignore,3rd party PW
8bfeffcd219c34d5798394a2e5e514ce,Bug,Unspecified,Undecided,
84c0e3fda85fcc98d07a6586d2724a43,Bug,Unspecified,Undecided,
452d2aded95017d941f7da05fbaf9bac,Intentional,Unspecified,Undecided,
1fd6486daaf337128004e66e85e0920b,Intentional,Unspecified,Undecided,
e6576d05a5d6dc6a9950c090f28c5b68,Bug,Minor,Ignore,
494be9554d64b0d9ce715ed4df6c1c40,Bug,Minor,Ignore,
62732f5323302c11069ecf6679cd624a,Bug,Minor,Ignore,
ed32c76b6ae4e490338f4182d6d1694e,Bug,Minor,Ignore,
9e03d94bddd708d09769309b3862181f,Bug,Minor,Ignore,
f70164b1c0f4ad21ff2090b3a8fa815f,Bug,Minor,Ignore,
be7e3a6dc13532ad41cfd3e11ead96c0,Bug,Minor,Ignore,
843aa42bbc1904881699d753c8e4955e,Bug,Minor,Ignore,
e781c97086c1bdbd79f036cdbbf1b12d,Bug,Minor,Ignore,
ee9c2820bd95dcac7186c24d3ad2c70e,Bug,Minor,Ignore,
ced410b09edb2496a78a244e64dd260e,Bug,Minor,Ignore,
a7149bce178dedd7c63d0666aed3f237,Intentional,Unspecified,Ignore,3rd party
c19efc6cef9ff7d260ea77661c97ca4b,Intentional,Unspecified,Ignore,3rd party
554582d8d955c619b3efd850d7ddce73,Intentional,Unspecified,Ignore,3rd party
d166f9fc7c0884c13ee34aa73795d640,Intentional,Unspecified,Ignore,3rd party
1c20f7dab6e1cfc980721b6990a72f2d,Intentional,Unspecified,Ignore,3rd party
ea58e788418bbccce8f2ecfd0b07cb66,Intentional,Unspecified,Undecided,
eb088ae4fba85c1bae72bde504c8c520,Bug,Unspecified,Undecided,
158cea43b08b7730cf7c9b1cd1db6d2a,Bug,Major,Undecided,
5be8b516119d0cd39e8aca90da1629ad,Intentional,Unspecified,Ignore,JS going away
bd603388dc10a1353bb7392c391508f4,Bug,Unspecified,Undecided,
d8b04154532bdedea7476adcc6b44c56,Bug,Minor,Undecided,
dec86ccff873e1724877c4f89e15a285,Bug,Unspecified,Undecided,
c10c2ee1b0326116d4ebe1881add9268,Bug,Unspecified,Undecided,
d36e4eb19699e4c09d7d3ed5c0927b73,Intentional,Unspecified,Ignore,JS going away
6bc30e729b5c7fdea1bf5f48478c9bfd,Intentional,Unspecified,Ignore,JS going away
d84c0e969560991762f099a37fa6e002,Bug,Minor,Undecided,
7778d0e966babb88d4f03ee8f99ca822,Bug,Minor,Undecided,
62a97fe4541b6229ce08e4716aa2dd38,Bug,Minor,Undecided,
7516159b9cd5de65f4ea01e2614e603a,Bug,Minor,Undecided,
09f4e97bb09ee7eba5375a137b426f91,Bug,Minor,Undecided,
ba15de47c2ab0cf4d11247ff06028420,Intentional,Unspecified,Ignore,JS going away
23c0f0e28fbf0816f7729f819a116a0f,Bug,Unspecified,Undecided,
7b488d100cdca1d72381a2c352f911ed,Bug,Unspecified,Undecided,not checking lower bound (could be negative?)
c251eceb0f0a2650d53e280d589cf02d,Bug,Minor,Undecided,
8d4e8c4053f1c99747bbde025aed4d72,Pending,Unspecified,Modeling Required,model for verify
4bca534c6d85794aef4ae8b5b35897d8,Bug,Minor,Ignore,
c1492d795a824eff2a83682fa219925c,Intentional,Unspecified,Undecided,
d38d124dd74d97034eeb75faf3e498d0,Bug,Minor,Ignore,
0cd6ad29d563f0347e7cfae59fda11e3,Intentional,Unspecified,Undecided,
7790a73323f4c0b49b3e57a7399573ed,Bug,Minor,Ignore,
8ac4b2ab5866d8eb1eb20def60c03ac7,Bug,Minor,Ignore,
817b13535929cfb5905df77fccc6f02f,Bug,Minor,Ignore,
65c3753352375a56e1e9bdd0935bf2fa,Intentional,Unspecified,Undecided,
fa68b9ba2205d97b03592be158826763,Bug,Minor,Ignore,
c443a038d3dac3bbe636db137c6ab32f,Bug,Minor,Ignore,
b8991116f6a8dded84ca42c534e66243,Bug,Minor,Ignore,
40757da837ab0eb68711539bcd4372d4,Intentional,Unspecified,Undecided,
8f48e442290f1c10b58b003072be90bf,Bug,Minor,Ignore,
556ddaa327093ff0e8acf1ce01d31a18,Bug,Minor,Ignore,
0308af1ecb2faef79af443428683d5a9,Bug,Minor,Ignore,
f618e54861805c0af9941ac0e895bf10,Bug,Minor,Ignore,
9e0a7f9ccf3a264dcc6a487ed48a0ed8,Intentional,Unspecified,Undecided,
e5e973a4f774b066c7c6dd45e62aaba7,Bug,Minor,Ignore,
911f8b69e57ba6bd31fcc16d36c7a044,Bug,Minor,Ignore,
7439f2d377cc01a2c3de646ba2e2005b,Bug,Minor,Ignore,
b23f386e8367631f01e362bcacd742ab,Intentional,Unspecified,Undecided,
5db2810b7182421a5b3a3abdf66836fe,Bug,Minor,Ignore,
00e3a1b1dbcc479d498f6089f0470161,Bug,Minor,Ignore,
a5f8e8385f9296d6de0cc36fc01ad693,Bug,Minor,Ignore,
5ac879cc05a67622bbe44c3069c28934,Intentional,Unspecified,Undecided,
37f41f941753782abeebac0890603e4b,Bug,Minor,Ignore,
c51a151e1e8ed34e558b85ba3668a49b,Bug,Minor,Ignore,
77e64393481f02bc1d4e1a2c9eade720,Bug,Minor,Ignore,
1733f38571cd6ec43be87b0c3546ff8b,Bug,Minor,Ignore,
6936b32d5d1a79fedd334e589206679d,Intentional,Unspecified,Undecided,
fb1ae2a2d5c4fc3bf634aa46caa427d7,Bug,Minor,Ignore,
78b024581efbf0ab4867b931753137c1,Bug,Minor,Ignore,
4f6924e0495be06d69d4d7d7f82d6dc1,Bug,Minor,Ignore,
d4d7f6e0418570163e7102abc7f9dba6,Bug,Minor,Ignore,
5e92ab56b428f6aaaff4f50b382b2b70,Intentional,Unspecified,Undecided,
a1da823ac033be320a17bbeb83dcbbf5,Bug,Minor,Ignore,
362972739db9030fa8ecf57fbbd77ad2,Bug,Minor,Ignore,
021ebab30753ca7e3f68ae0ed6612ef8,Bug,Minor,Ignore,
3920f032e01c2f1d167430b9203be1ce,Intentional,Unspecified,Undecided,
b5aaabb2d22d640885d97b7e3660f79c,Bug,Minor,Ignore,
d728ef30873d0d8e21671f989837333a,Pending,Minor,Modeling Required,model for verify
3e8a958381395f44eb9cc47e0b014053,Intentional,Unspecified,Undecided,
bd5213d9305c51bfb804dc4f9c48e713,Intentional,Unspecified,Ignore,JS going away
e4ac2711d42bd0e2e0ddbd56e4a7eb38,Intentional,Unspecified,Ignore,JS going away
eb56116423ea6b1bb32c384dd80a2fec,Intentional,Unspecified,Ignore,JS going away
34f22bef6454413cb9e22c4d9d73b96d,Bug,Minor,Undecided,ctors
49dfdf18704e4a187faca615091d688f,Bug,Minor,Undecided,ctors
c54913adc178cae78045ca973ddf7d38,Bug,Minor,Undecided,ctors
f11376040a3e7f35b6dfdf0254e4f3f8,Bug,Minor,Undecided,ctors
f446ea76a1f408287f524b5add999416,Bug,Minor,Undecided,ctors
72174f55d23c864c2af838660fe666b8,Bug,Minor,Undecided,ctors
9980ff8d15e69d30a5707d2b499ba55d,Bug,Minor,Undecided,ctors
1d7cec08065e70ed651e8c60451e11df,Bug,Minor,Undecided,ctors
8a6cdc75284c09a003c09ee853990485,Bug,Minor,Undecided,ctors
a66f00ec6dd2fb26f16469943f3751b1,Bug,Minor,Undecided,ctors
ee7b4a5ea686a1ef922e433d51b06972,Bug,Minor,Undecided,ctors
837c536941299c1a9523efbb2e60f770,Bug,Minor,Undecided,ctors
4c16669f1f0355a1aae0123c08172369,Bug,Minor,Undecided,ctors
bbca3251e669a9b1d74b0ec2b8600d9e,Bug,Minor,Undecided,ctors
d320b39ca55d42997c341a2dbefe1bdf,Bug,Minor,Undecided,ctors
189571646f5c63cc053dc67f920a4dad,Bug,Minor,Undecided,ctors
c56b8aa1401a41541255bfbc8a7ae5a4,Bug,Minor,Undecided,ctors
9bb4c85c7bace4795e03fb6cc220d7f5,Bug,Minor,Undecided,ctors
08df227e4c9cf5d176bf03313e116659,Bug,Minor,Undecided,ctors
b84f95adf4b598f958ef4e26a9f1cd31,Bug,Minor,Undecided,ctors
32e400ec9076c5b9b8e8a7fd1f63e996,Bug,Minor,Undecided,ctors
ea3f9efe19f15e75dbfba39eb6d93289,Bug,Minor,Undecided,ctors
70934b9843d6eb1115c1ed7f0fd0f557,Bug,Minor,Undecided,ctors
d21a8664c20e4b64bc40c82c66ead9de,Bug,Minor,Undecided,ctors
cd117a36c4b43fdf89bb14271b803617,Bug,Minor,Undecided,ctors
9520fb0d9ea6373754a7ee4b9fe10a31,Bug,Minor,Undecided,ctors
f7e4a533a674e291a6cb1b2505be2862,Bug,Minor,Undecided,ctors
34bf6eab15ae35c92feb8ba8510309f8,Bug,Minor,Undecided,ctors
4e5339186dc039f1dc62b0d277032a90,Bug,Minor,Undecided,ctors
72a351f24d81ad39772f5885ed4b82d9,Bug,Minor,Undecided,ctors
c6853950ecc51aae44c6e14155836101,Bug,Minor,Undecided,ctors
07fd859d1904263fec421d9d4b8e4550,Bug,Minor,Undecided,ctors
c173f62c64e5c1ebb0de2907a2abcc95,Bug,Minor,Undecided,ctors
da781421005babcd04239d64096ec7b9,Bug,Minor,Undecided,ctors
c069a944793e2c9d49d313ca3e21ed3d,Bug,Minor,Undecided,ctors
cf83e74917367399aa3479ea1504380c,Bug,Minor,Undecided,ctors
fd58c35516d00c8ed31ae1336dbb8252,Bug,Minor,Undecided,ctors
058e3eaf7a1e09a0961470cb9e29c9d1,Bug,Minor,Undecided,ctors
0c890911ba7a6ee224da2ecc111004b3,Bug,Minor,Undecided,ctors
b027ff872add66b91c1585b8b3b3440d,Bug,Minor,Undecided,ctors
a21e16c288c5ac13c2e8ec40974f7cb9,Bug,Minor,Undecided,ctors
427e5cc165721bb307d48c050918cabe,Bug,Minor,Undecided,ctors
8bbe3b0f071a7529b35a3fa8a07f35b3,Bug,Minor,Undecided,ctors
4fe66afb989c906cfb110bcc02466f52,Bug,Minor,Undecided,ctors
de7fe3ae176e4c0b9a514b92497d2861,Bug,Minor,Undecided,ctors
f665be6ee58a29fe2b1994b949f742ab,Bug,Minor,Undecided,ctors
36821b8ceb2059bf7f988687708154a7,Bug,Minor,Undecided,ctors
0c9b8992bda8cec012b6b17cea7ec72e,Bug,Minor,Undecided,ctors
be6f5b0bf56e1eca8774153977833afd,Bug,Minor,Undecided,ctors
e2f23695048ddf758d706d1d32651ae9,Bug,Minor,Undecided,ctors
826fbcc05a86589c523bde92884be6e1,Bug,Minor,Undecided,ctors
4c919b96c7edc3ce661520efff27a323,Bug,Minor,Undecided,ctors
ad7d50872420a7ec06d0bbe45fa8ac07,Intentional,Unspecified,Undecided,
cb89a10b9b31c797c8305b4049e88c55,Intentional,Unspecified,Undecided,
00b0bf054dfb46caed3f7c02081a9017,Intentional,Unspecified,Undecided,
d2c3ecf922e71ad6b75861d857f806c5,Intentional,Unspecified,Undecided,
09c8518ce187ab0bea62adf03e985b97,Bug,Minor,Undecided,ctors
487d41ffd02f6836433ea7c0643fddcb,Bug,Unspecified,Undecided,
3b727b7102dde8c8864848f7ea85287e,Bug,Unspecified,Undecided,
18e38a3bec8da6d2f274d44a4a48b57a,Bug,Unspecified,Undecided,
1f7089d96ae21e8a59e8be6f6bfe192b,Bug,Unspecified,Undecided,
36fceb42b9a2fb5a01726d4ac948af23,Bug,Unspecified,Undecided,
b03a9efdeb5dbb2753b159d18f8460fd,Intentional,Unspecified,Ignore,JS going away
e5b567aa563164a666cc39b7373bea17,Intentional,Unspecified,Ignore,JS going away
3f93d064a35a4f537a14eb4e5f9de921,Intentional,Unspecified,Ignore,JS going away
6586a8fc7eda7e634b01096780f72f3f,Intentional,Unspecified,Undecided,
c4a127ec8fb9a03d0ee31e7fb0d1e36f,Intentional,Unspecified,Undecided,
d69d7db91e7ba73dc294977f2eca8458,Bug,Unspecified,Undecided,
f44dfcedbab89d42521d8a0563553d32,Intentional,Unspecified,Ignore,JS going away
cd427ab9d86470c6a64953023acc5b4b,Bug,Unspecified,Undecided,
970878246e601af3c93a4167e95dca91,Bug,Unspecified,Undecided,
4be669aabae2638084328a5f0a487116,Intentional,Unspecified,Undecided,
bb97b3751f553d2381ef4a74ece80762,False Positive,Unspecified,Undecided,
2516b68566b2fcabef5eb627cab43ba8,False Positive,Unspecified,Undecided,
e5b6129dc8b2fc78ffb8ae8b122cc414,Bug,Unspecified,Undecided,
52e28ce73561040f8cbf4df7739f24b8,Bug,Unspecified,Undecided,3rd party
dc2be5eb9ad2bc2233fb28712001c1e4,Bug,Unspecified,Undecided,
225bbe493e53c26020b2c9e396fc6928,Bug,Unspecified,Undecided,
fc236c763b21fd5c54bc5062a8afef5f,Bug,Unspecified,Undecided,
5d1a7283d2922cb705451576eda5a436,Bug,Unspecified,Undecided,
72d0be5be9abddd5ab236355a3235efe,Bug,Unspecified,Undecided,
8dc0d2e024eefd2f1ab947ebea17f701,Bug,Unspecified,Undecided,
bb0ee8e703857036c1f40600ab80400d,Bug,Major,Undecided,
cdf4f507e67189727b6f84bc6c7a3acd,False Positive,Unspecified,Fix Required,
8e2208fb7f7ffe5a5d9a85d7a908f7ce,Intentional,Unspecified,Undecided,
5607ef58fb745f13537c6226c8fc98c4,Intentional,Unspecified,Undecided,
46a004582cbbd10b0ab964a8c1ee52f5,Intentional,Unspecified,Undecided,
c6db8788a5006baa074538812cb8bee8,Intentional,Unspecified,Undecided,
41da07756e48845e912f2689b9d9b126,Bug,Major,Undecided,
9c5fdf9acaedf1cb15451955eee1c67f,Pending,Unspecified,Undecided,"is it possible that iterator is empty? if so bug, if not then FP."
c3743f874148e53c244651257fe2a58a,Bug,Unspecified,Undecided,
497b4168d23fa4152eec3b4a0adb77c5,Bug,Unspecified,Undecided,
e407ed94ccd7584027a50da5ca6aae9e,Bug,Unspecified,Undecided,
ec7d176d82a4717279145a9d031946ee,Pending,Unspecified,Undecided,
e7c68b57048ab10d30442b042eefe786,Bug,Unspecified,Undecided,possible - 3rd party
25016f4a5841115a37731613222d4e9e,Bug,Unspecified,Undecided,
91ee501119800294bd7dc5ff5691857b,Bug,Unspecified,Undecided,
27f359525f68b5fc9e57c0ff824792c4,Bug,Unspecified,Undecided,
c486855e15ab7b8e2ae9ad10ccd962b8,Intentional,Unspecified,Undecided,
b98ac0db8d36d41bb786ae0fffc4e284,Intentional,Unspecified,Undecided,
c996f9469d610532197a2691bf10aa40,Pending,Unspecified,Undecided,
8043f93f4390c2f48cdea6a5929bd087,False Positive,Unspecified,Fix Required,
acca43489ecfeecd3625dfbb06b0b224,Bug,Unspecified,Undecided,
76543d67bedf9aa10ffe9bc3e402bd9d,Intentional,Unspecified,Undecided,
2bed63d1c0840e95e053ba79012d2350,Bug,Unspecified,Undecided,
5b592aa70685dff52b928d6ce4578682,Bug,Unspecified,Undecided,
551928452b54fcc601113b7778d8fd15,Bug,Unspecified,Undecided,
5a10f8fdb068027c8bf3cd15908e1bb3,Bug,Unspecified,Undecided,
547d18594fc0517bc6bbe36321a3f210,Intentional,Unspecified,Undecided,
7042375e76bbb15d73fa24d1f52e3a70,Bug,Unspecified,Undecided,
bce34124918875219138b04f353c01e3,Intentional,Unspecified,Ignore,
fdacd60e9a7bd629395b82a558490fc6,Intentional,Unspecified,Ignore,
58eabcd50a32720a952381deafb9253f,Intentional,Unspecified,Ignore,
5dee767bff73fa11aefaeb979f946ec6,Intentional,Unspecified,Ignore,
2409dbe515f7c0ef12d7bb01df803679,Intentional,Unspecified,Ignore,
19324b9195dac72db7e7c500d59ab31d,Intentional,Unspecified,Ignore,
827fe4e23cb5e6ba02bcaceb0ff528f5,Intentional,Unspecified,Ignore,
fadc9f4e15996fb7ee78b59da0d6a0b0,Intentional,Unspecified,Ignore,
d7c4ae33c52206a2644fbf0da167cee1,Intentional,Unspecified,Ignore,
80ceb178e8b920305dfa10714ba5ce8b,Intentional,Unspecified,Ignore,
36449e8da37dc625ac778d7b4d73e600,Intentional,Unspecified,Ignore,
46126e449a587fd81b9a39de1fae4758,Intentional,Unspecified,Ignore,
6a57163049ba78ca175209c0c0e3ec78,Intentional,Unspecified,Ignore,
dcba34544945509cff3d16330d8d5ee5,Intentional,Unspecified,Ignore,
855d52852705dead1473e10299efb855,Intentional,Unspecified,Ignore,
7171f27078f4dd731c5ed41409113f6c,Intentional,Unspecified,Ignore,
58933f1ed44588fb2e270de08f150748,Intentional,Unspecified,Ignore,
7e8b36f340f7428a0c0639c89619fb35,Intentional,Unspecified,Ignore,
654e34a20bc8f8a97214ea55a6c9439a,Intentional,Unspecified,Ignore,
435f4c4ca2f219b43c1f5b8727a7201e,Intentional,Unspecified,Ignore,
83f2cffa83f6a188c9e6554cd89a91e7,Intentional,Unspecified,Ignore,
0ec88254313ccb4f4de298c320caf94e,Intentional,Unspecified,Ignore,
42a1c489db22ed3cd0f9849589a0c75a,Intentional,Unspecified,Ignore,
adbe423dad1bd2b283534b5c2b43dd43,Intentional,Unspecified,Ignore,
56a1b8dc4934a346d29b1c4b8f5e2d1a,Intentional,Unspecified,Ignore,
4b3e2360b6bab8ba8e241114a83c59be,Intentional,Unspecified,Ignore,
38a252e8a9d4a39dd3f0f782ed375620,Intentional,Unspecified,Ignore,
b812eeda5f6cb7c73101f4d5500edef7,Intentional,Unspecified,Ignore,
73d29d6612dba03547cf557ad912a9ea,Intentional,Unspecified,Ignore,
9e2ec002f08278ccf0b5ebf78c4e1e33,Intentional,Unspecified,Ignore,
08149415361af3cac3b791b6f03ca1a4,Intentional,Unspecified,Ignore,
de9e18c7fee4e9728348ad253823bb52,Intentional,Unspecified,Ignore,
c04d4a212cd0c17f1ea5dbd63316e6b6,Intentional,Unspecified,Ignore,
b07cdbe96a80ed6c78b0a7cbd5e6e5dc,Intentional,Unspecified,Ignore,
633231b47070bffdc10b0f8f65982b65,Intentional,Unspecified,Ignore,
f92329248d44fa737729216eb677a47e,Intentional,Unspecified,Ignore,
d866816c2c5bc63020edea1740b4eb92,Intentional,Unspecified,Ignore,
bdf33d9586efeeb93d6420e6e736f1d8,Intentional,Unspecified,Ignore,
696f9b2898f3733dc8f8229bea9f7789,Intentional,Unspecified,Ignore,
d2f58b18a9c085ab4c292a0712e12ace,Intentional,Unspecified,Ignore,
ffabb644f56bf3657517921beee3e4e5,Intentional,Unspecified,Undecided,
1a8ebc4f00169c02c4dd78a21d5496d0,Intentional,Unspecified,Undecided,
220bb352e051c93e915bc3bac7808f77,Bug,Minor,Undecided,check for reasonable values
e747c219b1eadf181ac5ecdd720ac9de,Intentional,Unspecified,Undecided,
d779793a6d3317985c551b68b52e4045,Pending,Unspecified,Modeling Required,model for verify
42d103b640ff9858b19a3d355238c87d,Intentional,Unspecified,Undecided,
caa0a38a7b83b9ff4b5e3e1a6c1dcd61,Pending,Unspecified,Modeling Required,model for verify
f13787d080547acfc3b859f1af4acffd,Intentional,Unspecified,Undecided,
21c4d28ffc70c8655a37e383d37688f8,Intentional,Unspecified,Undecided,
d13247df73a85ac1a669862069721feb,Intentional,Unspecified,Undecided,
6511a7d4c1f30ae5ad519f85fb81fd85,Pending,Unspecified,Modeling Required,model for verify
aee3b0b9f7048101965774c2fdaffb34,Intentional,Unspecified,Undecided,
9dcda7bb6ef2b30797187b86390243a3,Intentional,Unspecified,Undecided,
dc8175da5355a8a00bb1e4ea2d727f90,Pending,Unspecified,Modeling Required,model for verify
c500929dc9d2585e04dfa4d1d4cf20d6,Intentional,Unspecified,Undecided,
a6f097e0618e630418c98313e4c273be,Intentional,Unspecified,Undecided,
9ec065ae57fb8fee4cf3f4c651c242c6,Pending,Unspecified,Modeling Required,model for verify
2173cb9f5b577de2dec396337313f41e,Intentional,Unspecified,Undecided,
a4ba2a0c41beea34d72c75342e45fac4,Intentional,Unspecified,Undecided,
830440bf9ed4d3699833e807db8f6881,Pending,Unspecified,Modeling Required,model for verify
23f629aedb7ed2dde484796a94bf748d,Intentional,Unspecified,Undecided,
49097af0c6933e947b9fd8d39311daf2,Intentional,Unspecified,Undecided,
eec243c0dada49494ca67bb8b3c2ad99,Pending,Unspecified,Modeling Required,model for verify
8736edad806e6c16ce61abaf45136f5b,Intentional,Unspecified,Undecided,
5546f3e4ff21a51cb683ff16a8f60d80,Intentional,Unspecified,Undecided,
af0b3d32bb1a0f37a34a392a5ed0a953,Intentional,Unspecified,Undecided,
487c830a138959ebc5fa6851edcb665e,Intentional,Unspecified,Undecided,
38fe102927081029659ddb9c0357489b,Pending,Unspecified,Modeling Required,model for verify
f5120482d30f4fd83fbb2d64f2627eb7,Intentional,Unspecified,Undecided,
ac8cf1574e26f9b4fbb570c2d6f21c06,Intentional,Unspecified,Undecided,
d98e6cc188736e201c37f3a88d356e25,Intentional,Unspecified,Undecided,
e194b990badf9f91d0d5a8545e869429,Pending,Unspecified,Modeling Required,model for verify
3d99ad35c6c2541929a26f2d93e20cd3,Intentional,Unspecified,Undecided,
825b04b2c49912ed6fc0f4033a4dea8f,Intentional,Unspecified,Undecided,
293d30afe4f24771fef0115f5b440730,Intentional,Unspecified,Undecided,
49d2530521cfc65a10c17f8c2932caee,Intentional,Unspecified,Undecided,
91cf530c460f71ae1d4a5d75ffd68781,Pending,Unspecified,Modeling Required,model for verify
50fee2e0b312b355d39b54c0738201f4,Intentional,Unspecified,Undecided,
29332dd0326400cfd6b6ac0fa0238693,Pending,Unspecified,Modeling Required,model for verify
4a36da78b303e2d2c2dde5d2192293d6,Intentional,Unspecified,Undecided,
ad26d8eba97a14cac121987e897ae8a3,Pending,Unspecified,Modeling Required,model for verify
75e18640c8cca4a8f9fe0d5e1febe9de,Intentional,Unspecified,Undecided,
dbd8912841d3109ce2baa2d71b9f49e5,Pending,Unspecified,Modeling Required,model for verify
4faa402c47e5622f220dbb82cb3bf0a3,Intentional,Unspecified,Undecided,
df3b38a79273e17fcfacc6704682bec3,Pending,Unspecified,Modeling Required,model for verify
ecbd4cd66bb03a2e39a5c59c10d6bd66,Intentional,Unspecified,Undecided,
9fc0121881cf116a2e90e63fa6d8a77d,Pending,Unspecified,Modeling Required,model for verify
306d0a8e151f90ebacb288cf17e50863,Intentional,Unspecified,Undecided,
0cbe59437550cc4d13c339147204440a,Pending,Unspecified,Modeling Required,model for verify
8ee1450b5d94de468a4291caeb86ee99,Intentional,Unspecified,Undecided,
1f4e179e913c00ce66747e759ed6778f,Pending,Unspecified,Modeling Required,model for verify
7dc70ee14ea7e9369931feae59908974,Intentional,Unspecified,Undecided,
82ae03340df0f599ed66827430946fc4,Bug,Unspecified,Undecided,
474ec395cd1f64399c8429eeb5d1b023,Bug,Minor,Undecided,
ea35a7c9ea160a902c58305feac14182,Bug,Minor,Undecided,
08f903a20284e260e56b58484b1af59a,Bug,Minor,Undecided,
550a406b796653b50f38c56103d8cb82,Bug,Minor,Undecided,
6bb55610bce0c523fe3b0687807a1e74,False Positive,Unspecified,Undecided,
f8ed3c75058fcd728661c162c76e1559,Bug,Minor,Ignore,
e248e79ca76d7f385f3dfe7b92684569,Bug,Minor,Undecided,
be1b28b1e05e86ed25aadcbcbed6eda2,Bug,Minor,Undecided,
f6b8b804503487aafa47f2b8b215cc8c,Intentional,Unspecified,Undecided,
d71544008428975698de66b8605299a8,Bug,Moderate,Undecided,
1452846b1efc4c474c8d616c33ddac3a,Intentional,Unspecified,Undecided,
a9e2508bc99cda6ea42b9a5cd547f06e,Intentional,Unspecified,Ignore,
ebc20348543a34281512bb04af32a116,Bug,Minor,Undecided,
5bb442a6bd10190c7537b884a21b41e9,Pending,Unspecified,Undecided,
1b66379c62bc4aab63ec1262f84026e4,Intentional,Unspecified,Ignore,"3rd party, system headers"
f831c779ddc1ddb4ded24b58f3450891,Bug,Moderate,Undecided,
65d0664f0e5cfb840b7c7ad4af02395a,Bug,Moderate,Undecided,
0bdd15eec89e75f223d75ded355d7a43,False Positive,Unspecified,Undecided,
9f9a980eef81d27f04d51b13bcaa6edc,Intentional,Unspecified,Ignore,"3rd party, system headers"
60bce0bbf10a9f2e3687418ae8c20d5c,Intentional,Unspecified,Ignore,"3rd party, system headers"
d0ea6e25093fab20a74ab7464f60b1d4,Bug,Unspecified,Undecided,
0f97fffdd7a6a8a59790735328201de1,Intentional,Unspecified,Undecided,stupid
d7898f103da9e4a0189f491811eca344,False Positive,Unspecified,Undecided,if !d evaluates to true then true is returned and further clauses of || are not taken.
108b9919bba2fb489cc9418c9c22ee35,Bug,Unspecified,Undecided,
16f4e9c8fc98495d641cfe623697f183,Bug,Unspecified,Undecided,maybe
055ef0de7c977f34921646c8ca10bb44,Intentional,Unspecified,Ignore,"3rd party, system headers"
c2b1237bda5cd17e2e4465fba04e5e5f,Intentional,Unspecified,Ignore,"3rd party, system headers"
f468708adc4301580be77373e59a2483,Bug,Major,Undecided,
3e9614f0783f23b203a9c1f54b59c541,Intentional,Unspecified,Undecided,
7eb25f28c6dbe081e1e9059d85d0863f,Intentional,Unspecified,Undecided,
7498584a9917ec8398e531ae95f68830,Intentional,Unspecified,Undecided,
729365d4a39b5c3abb174bb91bde291f,Intentional,Unspecified,Ignore,"3rd party, system headers"
240fb163c0dbed912b10862820c0ce74,Intentional,Unspecified,Ignore,"3rd party, system headers"
6d84c4772d88f939f4eac3716f1cf3d8,Intentional,Unspecified,Ignore,"3rd party, system headers"
dd83e7959f24fdd39ddf3a795d52272b,Intentional,Unspecified,Ignore,"3rd party, system headers"
32cd378ec880b7916da125416e404752,Intentional,Unspecified,Ignore,"3rd party, system headers"
bb67df7600fd147990db79e8e0f7b401,Intentional,Unspecified,Ignore,"3rd party, system headers"
9f065d74250426b3e6aeccdc560e529c,Bug,Major,Undecided,
24df361fe0a417165172f72f5c973c2d,Bug,Major,Undecided,
394bb9f3e1a2fe0b3b410245b84e19cf,Bug,Moderate,Undecided,
dae5dbb316a2dfb48f8cd10bba7d2c30,Intentional,Unspecified,Ignore,"3rd party, system headers"
4b3dae529aad60cc9c9b5ddd61e0269e,Intentional,Unspecified,Ignore,"3rd party, system headers"
f7e5caac22157aa2f77bf074d59ab71a,Intentional,Unspecified,Ignore,"3rd party, system headers"
23b35609651f5efd38cb4d0a079bbfdf,Intentional,Unspecified,Ignore,"3rd party, system headers"
01b6c18e9d1047a0becb6272890df8b8,Intentional,Unspecified,Ignore,"3rd party, system headers"
7193d01075b4692a5a75a4cefb8d6fc3,Intentional,Unspecified,Ignore,"3rd party, system headers"
35455191df6448f1f1546a486bc8f95a,Intentional,Unspecified,Ignore,"3rd party, system headers"
e1491486fc8eacda50abe35f18d6a431,Intentional,Unspecified,Ignore,"3rd party, system headers"
d753f791771d0915497d081db2b3263b,Bug,Unspecified,Undecided,
ad64c14e970547f40df4bc00942893a1,Bug,Unspecified,Undecided,
b66baeabf450002824cf2a5a1ada55ab,Bug,Unspecified,Undecided,
bdd560f7e5c49afa8153ad0f12e17aa7,Intentional,Unspecified,Undecided,
46ac5e840ed655a184c5ec5e2eb3fcd5,Intentional,Unspecified,Undecided,
72fa8351c82da0380125f56606ee1175,Intentional,Unspecified,Undecided,
ea8a707abe0d70935ed62e11badadc93,False Positive,Unspecified,Undecided,
5f7d2e885feae759f5a77b07af5298ba,False Positive,Unspecified,Undecided,
bf54b4751cf612aa6d44f889bfa05633,False Positive,Unspecified,Undecided,
63f420b63489b8bd3eacd0fe9e2fca97,False Positive,Unspecified,Undecided,
1bf7bf5e654150d7d6cd21fb3b98d530,Intentional,Minor,Ignore,3rd party PW
8f2deca45a9e0d088ebfe7893eb58b90,Intentional,Minor,Ignore,3rd party PW
b4dc957e871d0653b12d8f8583f4d8c1,Intentional,Minor,Ignore,3rd party PW
4f1976c7591e3a1e7b1edc8c459b090f,Intentional,Minor,Ignore,3rd party PW
2991378c3c0f8f75eac769c0ab78e395,Intentional,Minor,Ignore,3rd party PW
5dc367c2a096f79346dbbe5467d25ecb,Intentional,Minor,Ignore,3rd party PW
87e4d33887fb975fb509897cc43bab9b,Intentional,Minor,Ignore,3rd party PW
d7d2732452748a2ab6f0d6858e3b068f,Intentional,Minor,Ignore,3rd party PW
1057f7924e026bceaeb075eb9b1a11c1,Intentional,Minor,Ignore,3rd party PW
6a92b48419f14f47a1c98a4f6286d8a1,Intentional,Minor,Ignore,3rd party PW
749158410290f3381f6fdee04545f2ac,Intentional,Minor,Ignore,3rd party PW
78376de2daf96702cde9c7fb4e09180e,Intentional,Minor,Ignore,3rd party PW
8653cd9d575384e08fd6b53329d4ac5e,Intentional,Minor,Ignore,3rd party PW
9ff201dab12b7e4ea0677e659c0d2622,Intentional,Minor,Ignore,3rd party PW
b969430393493f4e1860144717edafec,Intentional,Minor,Ignore,3rd party PW
e9a0c63954732afd460772712c1cbe97,Intentional,Minor,Ignore,3rd party PW
9a8ffe3f22d12e8afd4e54d2034dc605,Intentional,Minor,Ignore,3rd party PW
a7791f938cca00d8f18e393bb1b22ff9,Intentional,Minor,Ignore,3rd party PW
ee9932e3a71c0f0fe9bd4fa211e84435,Intentional,Minor,Ignore,3rd party PW
fedaf115d674ebc60323b4ce9ce122d7,Intentional,Minor,Ignore,3rd party PW
44e37771440f51db94a46b69dcdc444b,Intentional,Minor,Ignore,3rd party PW
9f6fce7bb78a65c0b55ef221489d23d0,Intentional,Minor,Ignore,3rd party PW
f6ba1972a4418cd04447c380d5c902ad,Intentional,Unspecified,Ignore,"3rd party, system headers"
8dd5088ec9fcf735ae86690972a657d7,Intentional,Unspecified,Ignore,"3rd party, system headers"
8a885f5ce1010f654a1a34df79a3acf2,Intentional,Unspecified,Ignore,"3rd party, system headers"
70bfc31613577f115bd113517cc5815a,Intentional,Unspecified,Ignore,"3rd party, system headers"
5ad1b87bf560eb47db3b4b25ce560013,Bug,Minor,Ignore,
2e38de87fa20414b9fbea71fdf18c0cd,Bug,Minor,Ignore,
4e2bd2aaa67a48d4c1437bcbc4464a20,Bug,Minor,Ignore,
ce192df241ce6975f3ae7a38f5fc1c57,Bug,Minor,Ignore,
88bc159a7983212f7a63452f76c96dfb,Bug,Minor,Undecided,
a2bac94212e9a9635ef68a2e792235d4,Bug,Minor,Undecided,
87772f51b2315afe31408239634773e1,Bug,Minor,Undecided,
099db0d4cc7a5a007c59e9ad8068bf37,Bug,Minor,Undecided,
1a1da1accd150987b93aa09fc00a785c,Bug,Minor,Undecided,
c08c5474b3d3db9d9cf4a6be58ea7ac8,Bug,Minor,Undecided,
a6378ac6d6e26c13d05f320d7ef44cba,Bug,Minor,Undecided,
bdcacbb61f9fda2a867d50abc37dae60,False Positive,Unspecified,Undecided,
ce2b309b8df25f36244ceb4fe8acb02c,False Positive,Unspecified,Undecided,
53c4e037d3d038568b5d935a3c31b889,Bug,Unspecified,Undecided,
fe7bde5d420c1924b31a849ccf5a3552,Bug,Unspecified,Undecided,
b5a10024d045a330ca1f4fa7223ef0dc,Intentional,Unspecified,Ignore,
9868326ccb45e95bf4e7c3cfe92ea3e6,Intentional,Unspecified,Ignore,
476b61e164167b894c09d34f228f034c,Intentional,Unspecified,Ignore,
12c81028a9408b0d701f078ef17cbc8c,Intentional,Unspecified,Ignore,
19feb73004a26cffb5787245437f0475,Intentional,Unspecified,Ignore,
19e2a67633ac55445abe1db512d0c178,Intentional,Unspecified,Ignore,
ceb0d87972235c5654c969633fa114a3,Intentional,Unspecified,Ignore,
2bfbfce9da89b2c3ccd5ccf15237d9bf,Intentional,Unspecified,Ignore,
24e1bf013196f4898c01a3072e0da7db,Intentional,Unspecified,Ignore,
0840874303ab6e210a5177f0272748b2,Intentional,Unspecified,Ignore,
ad05c9f8765bfeedff7e67f6fe5d95bf,Intentional,Unspecified,Ignore,
28f28edd76b5db2e4c2b711b5276e482,Intentional,Unspecified,Ignore,
850000a7f8fad549154fb71901eb7471,Bug,Unspecified,Undecided,
63c765846ebde4137b15be4c6b0f85e2,Bug,Unspecified,Undecided,
e157644572e5d6affdc0b6ec50ad0680,Bug,Unspecified,Undecided,
982a165db6523b70d30f7dba495e3eca,False Positive,Unspecified,Undecided,losing correlation between target.size() and target.c_str()
d5ade1d749058aafc2f7c43079b9d641,Bug,Unspecified,Undecided,
18cb716a9c162ba010528829454e53a8,Bug,Unspecified,Undecided,
fdfcf59821c352cff6c7a9aacd5ffe51,Intentional,Unspecified,Ignore,"3rd party, system headers"
47dea87949e1cef9dd9175f1ee759b73,Intentional,Unspecified,Ignore,"3rd party, system headers"
9e799592f01eaa39641bf452848c859c,Bug,Minor,Ignore,
e4a21172fae389b08128efd4b8604cb4,Bug,Minor,Ignore,
572b1756f800c84d6456b11227e60aea,Bug,Minor,Ignore,
fe1ae5ec3f7c030634536377e696252a,Bug,Minor,Ignore,
a8395adc648197314cd8bd4f6203e373,Bug,Minor,Ignore,
9c958d00d5b5c2fd8f055172a445ce87,Bug,Minor,Ignore,
7a353e9dbda78d3be0be91f7ad4b83c5,Bug,Minor,Ignore,
37fe77bd28cdfd83b96f896b36cb01a7,Bug,Minor,Ignore,
58fc6263825575e3ce27167bc3ce542e,Bug,Minor,Ignore,
67f0ca76a4066b34040cd60a65f797ef,Bug,Minor,Ignore,
33e58fdfa95aa4e07720697ca700d019,Bug,Minor,Ignore,
d4064643069ac5708d4603dcbdc516e1,Bug,Minor,Ignore,
ba64ef6a21ac9ab98d43117bb3ff1361,Bug,Minor,Ignore,
9d06c20fc2466ed63628478b08a1a99d,Bug,Minor,Ignore,
b32181d41cbb27ac0e9289c6ea64de22,Bug,Minor,Ignore,
ba20ab3dc6ae9cad82ebb4d7d3505bdf,Bug,Minor,Ignore,
434444ffd4bdde3f9805b36b94f75416,Bug,Minor,Ignore,
9a59b3d3630eec2562535fd7015a3c76,Bug,Minor,Ignore,
b545880b504bbd80b7cba13b69bffef7,Bug,Minor,Ignore,
f99d691f54577b77b63cfef946202332,Bug,Minor,Ignore,
cd5779bbf7e9dfe7b7538d8f94a21cb2,Bug,Minor,Ignore,
1162271751d23b407e6bcf95b517fe0c,Bug,Minor,Ignore,
6b963d7ad737d7fcde6317bb1b098d27,Bug,Minor,Ignore,
bf8fdb7c8621ae395083b1d49bdb5582,Bug,Minor,Ignore,
6c5a734f1fd7ba72fd0fd72771c61c2d,Pending,Minor,Modeling Required,model for verify
fbd15e0c65254bfc06c2bccde010292d,Bug,Minor,Ignore,
923ae57d65839697276fb45d6a8e9ae1,Bug,Minor,Ignore,
6c7071c774993af0bfa0856fbe06fd83,Bug,Minor,Ignore,
76056dba8c1851e5c67f58bf04f3717f,Bug,Minor,Ignore,
ef7e9817e15675f2edc8a844b61167dc,Bug,Minor,Ignore,
0dc0ed452e7ccdc3c2f7345c0014325f,Bug,Minor,Ignore,
49f2502427801804368ba732cddeb98c,Bug,Minor,Ignore,
0856cfcc2b30c512a887c4099ed5cc0c,Bug,Minor,Ignore,
bb9a08ac2c1a840ca9d1fda2f4e11bf7,Bug,Minor,Ignore,
f33701ac738b9e6d4b0bad6351bc9ffb,Pending,Minor,Modeling Required,model for verify
85a4682b900a31f0e6cce050ec7b8cc9,Bug,Minor,Ignore,
828c01467272dfcc231a2848cce69334,Bug,Unspecified,Undecided,
7906103aa6eddad80c3f0972553d64dd,Bug,Unspecified,Undecided,
e9f414dfa95c5638c2db949b1bbf1e45,Bug,Minor,Ignore,
6f1eeb2d09a3bdcc79e8cb002c7d580d,Bug,Minor,Ignore,
eca1e0ad9fe2ae620150bba61d409999,Bug,Minor,Ignore,
2adf3edf9f9da5cc7ee99ac9762122a8,Bug,Minor,Ignore,
8a058f1d93898c30453c54425b31afba,Bug,Minor,Ignore,
de8a6dde878f794ee881577f99821dce,Bug,Minor,Ignore,
7bfa88eacb79476998b45c9c3da832ce,Bug,Minor,Ignore,
afa38500605435c8ea5f5cca321ffc24,Bug,Minor,Ignore,
951537da0c455c66186d15e58dfd9f8c,Bug,Minor,Ignore,
f6e5030bafba8aff62eba6e25f4b6be5,Bug,Minor,Ignore,
6c8c3c3709a4a74eebea80643c2b0e92,Bug,Minor,Ignore,
d3b04ba595b03ee85520f0c86f1fa444,Bug,Minor,Ignore,
ce26b9f2e84e43544d609d14ebcde7dc,Bug,Minor,Ignore,
3d22c541a550ee4246570a88f87216c6,Bug,Minor,Ignore,
af6453967d81d69b51a2f9a4b1f2c9d9,Bug,Minor,Ignore,
1e368533312bd49b538faa7f6b0146d9,Bug,Minor,Ignore,
332855ae447da7627918470240af396b,Bug,Minor,Ignore,
609d29c49cebeb1a6f8822fc39d92613,Bug,Minor,Ignore,
9b8da4dfd3457352b7dfcf9a5c2b0715,Bug,Minor,Ignore,
bbb02761e3ee5aa283e3b1a2acaa23fa,Bug,Minor,Ignore,
1462e8a2d5c840a8bf105b6d11bb09d2,Bug,Minor,Ignore,
0ee13c78db12943817fe074e37c2d1ed,Bug,Minor,Ignore,
3ece7ed04d8980f102b0c178dfafb262,Bug,Minor,Ignore,
113972d36f0892ef07ce86495980ffed,Bug,Minor,Ignore,
904ee6bbc73ebf1a487c5116fbc0d1a7,Bug,Unspecified,Undecided,
2ab6e8843a7894d476c2fe00ac750ea0,Bug,Minor,Undecided,
502faef713bba022f612eafbecb5e3b2,Bug,Unspecified,Undecided,pending SERVER-3711
ab9c28235658f9d2f1d03637a36bba08,Bug,Unspecified,Undecided,line 4447 or 4442 already short-cut loop
655e03dd9da333f6b35af7b07ed8b078,Bug,Unspecified,Undecided,
